{
  "average_frame_build_time_millis": 1.9701071428571433,
  "90th_percentile_frame_build_time_millis": 2.363,
  "99th_percentile_frame_build_time_millis": 6.408,
  "worst_frame_build_time_millis": 6.408,
  "missed_frame_build_budget_count": 0,
  "average_frame_rasterizer_time_millis": 3.531,
  "90th_percentile_frame_rasterizer_time_millis": 4.21,
  "99th_percentile_frame_rasterizer_time_millis": 5.779,
  "worst_frame_rasterizer_time_millis": 5.779,
  "missed_frame_rasterizer_budget_count": 0,
  "frame_count": 28,
  "frame_build_times": [
    6408,
    2406,
    1224,
    2363,
    1115,
    1613,
    2109,
    1572,
    1506,
    1372,
    1385,
    1527,
    1765,
    1689,
    4883,
    1577,
    1323,
    1615,
    1655,
    1860,
    1835,
    1899,
    1795,
    1753,
    1911,
    1631,
    2020,
    1352
  ],
  "frame_rasterizer_times": [
    3431,
    2373,
    2653,
    5779,
    2032,
    3370,
    4210,
    3537,
    3206,
    3484,
    3161,
    3671,
    3699,
    3792,
    4473,
    2762,
    3062,
    3650,
    3657,
    3524,
    4677,
    3917,
    3269,
    3582,
    3616,
    3557,
    3864,
    2860
  ]
}