{
  "average_frame_build_time_millis": 6.571,
  "90th_percentile_frame_build_time_millis": 6.571,
  "99th_percentile_frame_build_time_millis": 6.571,
  "worst_frame_build_time_millis": 6.571,
  "missed_frame_build_budget_count": 0,
  "average_frame_rasterizer_time_millis": 10.245333333333333,
  "90th_percentile_frame_rasterizer_time_millis": 24.357,
  "99th_percentile_frame_rasterizer_time_millis": 24.357,
  "worst_frame_rasterizer_time_millis": 24.357,
  "missed_frame_rasterizer_budget_count": 1,
  "frame_count": 1,
  "frame_build_times": [
    6571
  ],
  "frame_rasterizer_times": [
    1,
    6378,
    24357
  ]
}